,City,Latitude,Longitude,Max Temp,Humidity,Cloudiness,Wind Speed,Country,Date
0,Torbay,47.6666,-52.7314,24.64,88,93,17.2,CA,1613638800
1,Punta Arenas,-53.15,-70.9167,43.86,77,79,6.46,CL,1613638800
2,Cherskiy,68.75,161.3,-28.05,98,3,0.58,RU,1613638800
3,Marzuq,14.4,46.4667,86.85,13,0,3.36,YE,1613638800
4,Pyn U Lwin,22.0333,96.4667,87.73,24,18,8.59,MM,1613638800
5,San Cristobal,7.7669,-72.225,65.1,88,98,2.06,VE,1613638800
6,Mataura,-46.1927,168.8643,53.02,93,61,2.01,NZ,1613638800
7,Kapaa,22.0752,-159.319,73.44,86,87,13.13,US,1613638800
8,New Norfolk,-42.7826,147.0587,70.47,51,0,3.74,AU,1613638800
9,Nanortalik,60.1432,-45.2371,18.1,59,1,8.12,GL,1613638800
10,George Town,5.4112,100.3354,91.47,37,44,3.56,MY,1613638800
11,São Filipe,14.8961,-24.4956,71.85,69,56,8.57,CV,1613638800
12,Saint-Philippe,-21.3585,55.7679,81.99,77,28,1.12,RE,1613638800
13,Lich,50.5209,8.8157,40.95,90,100,7.63,DE,1613638800
14,Ushuaia,-54.8,-68.3,46.8,88,95,1.74,AR,1613638800
15,Gohadi,26.4261,78.4447,84.81,29,1,3.78,IN,1613638800
16,Găgeşti,46.3333,27.9667,34.45,81,91,9.04,RO,1613638800
17,Skjervøy,70.0311,20.9714,30.4,75,13,21.07,NO,1613638800
18,Qaanaaq,77.484,-69.3632,-5.82,63,52,6.08,GL,1613638800
19,Petauke,-14.2426,31.3253,78.55,82,100,6.67,ZM,1613638800
20,Saint-François,46.4154,3.9054,51.21,67,45,11.25,FR,1613638800
21,Obo,5.3998,26.4869,73.9,34,100,5.88,CF,1613638800
22,Rawson,-43.3002,-65.1023,62.62,59,0,5.21,AR,1613638800
23,Homer,59.6425,-151.5483,32.88,90,86,7.02,US,1613638800
24,Tazovsky,67.4667,78.7,-27.29,96,74,7.99,RU,1613638800
25,Jinxiang,27.4327,120.6062,53.96,52,0,7.85,CN,1613638800
26,Hithadhoo,-0.6,73.0833,83.52,68,1,8.9,MV,1613638800
27,Senneterre,48.3835,-77.2328,-2.07,88,41,3.09,CA,1613638800
28,Kajaani,64.2273,27.7285,5.13,88,70,5.19,FI,1613638800
29,Hilo,19.7297,-155.09,72.25,80,94,2.62,US,1613638800
30,Tuktoyaktuk,69.4541,-133.0374,-23.03,87,96,6.02,CA,1613638800
31,Mar del Plata,-38.0023,-57.5575,64.38,93,52,2.91,AR,1613638800
32,Port Alfred,-33.5906,26.891,75.97,70,5,20.54,ZA,1613638800
33,Tuatapere,-46.1333,167.6833,54.3,91,53,2.73,NZ,1613638800
34,Worland,44.0169,-107.9554,15.44,94,95,3.83,US,1613638800
35,Rehoboth,-23.3167,17.0833,81.41,28,10,4.61,NA,1613638800
36,Shimoda,34.6667,138.95,41.99,59,1,29.91,JP,1613638800
37,Butaritari,3.0707,172.7902,81.7,82,39,19.55,KI,1613638800
38,Rikitea,-23.1203,-134.9692,78.91,68,22,9.19,PF,1613638800
39,Albany,42.6001,-73.9662,18.37,76,91,1.54,US,1613638800
40,Avarua,-21.2078,-159.775,82.29,77,76,12.59,CK,1613638800
41,Busselton,-33.65,115.3333,65.23,50,2,17.02,AU,1613638800
42,Tazmalt,36.3868,4.3989,59.43,41,15,5.77,DZ,1613638800
43,Cape Town,-33.9258,18.4232,68.18,72,81,8.34,ZA,1613638800
44,Upernavik,72.7868,-56.1549,-13.22,87,13,3.69,GL,1613638800
45,Dutse,11.7594,9.3392,67.03,33,0,17.81,NG,1613638800
46,Portland,45.5234,-122.6762,39.7,79,87,2.68,US,1613638800
47,Smirnykh,49.75,142.8333,13.32,83,7,8.79,RU,1613638800
48,Khilok,51.3674,110.4676,31.28,86,92,3.18,RU,1613638800
49,Hermanus,-34.4187,19.2345,67.75,69,60,11.21,ZA,1613638800
50,Mbulu,-3.85,35.5333,73.98,61,100,9.08,TZ,1613638800
51,Port Blair,11.6667,92.75,83.57,66,63,15.3,IN,1613638800
52,Kavieng,-2.5744,150.7967,83.41,77,91,8.66,PG,1613638800
53,Tabou,4.423,-7.3528,75.74,89,97,9.22,CI,1613638800
54,Airai,-8.9266,125.4092,66.99,99,85,3.38,TL,1613638800
55,Lebu,-37.6167,-73.65,52.97,88,0,8.41,CL,1613638800
56,Port Hardy,50.6996,-127.4199,40.86,78,95,19.22,CA,1613638800
57,Chokurdakh,70.6333,147.9167,-20.38,92,87,7.38,RU,1613638800
58,Atuona,-9.8,-139.0333,79.68,77,37,15.35,PF,1613638800
59,Port Elizabeth,-33.918,25.5701,75.22,60,12,18.21,ZA,1613638800
60,Antalaha,-14.9003,50.2788,86.31,71,24,7.31,MG,1613638800
61,Batagay-Alyta,67.8006,130.4114,-29.07,83,65,0.96,RU,1613638800
62,Copiapó,-27.3667,-70.3333,58.17,80,39,0.47,CL,1613638800
63,Norman Wells,65.282,-126.8329,-2.83,84,87,1.9,CA,1613638800
64,Souillac,-20.5167,57.5167,86.79,66,35,7.36,MU,1613638800
65,Tasiilaq,65.6145,-37.6368,31.33,96,87,7.49,GL,1613638800
66,Bethel,41.3712,-73.414,21.61,66,95,4.88,US,1613638800
67,Yablochnyy,47.1661,142.0661,20.84,90,81,9.53,RU,1613638800
68,Ust'-Ishim,57.6935,71.1665,-0.58,90,94,2.19,RU,1613638800
69,Provideniya,64.3833,-173.3,-6.59,83,6,6.02,RU,1613638800
70,Itatiaia,-22.4961,-44.5633,68.31,93,73,1.3,BR,1613638800
71,Saint Paul Harbor,57.79,-152.4072,34.61,85,83,8.01,US,1613638800
72,Smithers,54.7804,-127.1743,18.68,93,69,2.39,CA,1613638800
73,Wahiawā,21.5028,-158.0236,69.76,86,87,5.75,US,1613638800
74,Lodja,-3.4833,23.4333,80.64,82,100,1.74,CD,1613638800
75,Porto-Novo,6.4965,2.6036,85.32,77,69,3.67,BJ,1613638800
76,Hobart,-42.8794,147.3294,71.67,53,0,8.08,AU,1613638800
77,Usinsk,65.9939,57.5281,-16.46,88,100,16.06,RU,1613638800
78,Kenora,49.8167,-94.4337,-2.58,72,70,1.3,CA,1613638800
79,Saskylakh,71.9167,114.0833,-33.72,80,1,3.02,RU,1613638800
80,Carnarvon,-24.8667,113.6333,81.48,65,7,28.21,AU,1613638800
81,Ubari,26.5921,12.7805,57.2,47,58,10.76,LY,1613638800
82,Karratha,-20.7377,116.8463,87.87,64,3,12.68,AU,1613638800
83,Grenå,56.4158,10.8783,35.08,98,95,20.98,DK,1613638800
84,Saldanha,-33.0117,17.9442,68.07,67,25,13.27,ZA,1613638800
85,Pevek,69.7008,170.3133,-28.44,85,4,1.66,RU,1613638800
86,Bredasdorp,-34.5322,20.0403,66.63,68,65,10.74,ZA,1613638800
87,Cairns,-16.9167,145.7667,74.71,95,95,3.29,AU,1613638800
88,Lavrentiya,65.5833,-171.0,-15.99,87,31,0.65,RU,1613638800
89,Kangaatsiaq,68.3065,-53.4641,-3.71,91,73,7.0,GL,1613638800
90,Guerrero Negro,27.9769,-114.0611,55.74,85,1,4.61,MX,1613638800
91,Fare,-16.7,-151.0167,81.3,75,52,13.94,PF,1613638800
92,Khatanga,71.9667,102.5,-19.91,95,98,8.5,RU,1613638800
93,Nago,26.5881,127.9761,53.56,63,94,21.34,JP,1613638800
94,Limanowa,49.7059,20.422,34.18,94,100,3.44,PL,1613638800
95,East London,-33.0153,27.9116,76.8,63,0,20.24,ZA,1613638800
96,Codrington,-38.2667,141.9667,87.93,30,0,10.49,AU,1613638800
97,Chekmagush,55.1319,54.6556,-1.35,92,100,8.05,RU,1613638800
98,Puerto Ayora,-0.7393,-90.3518,76.1,89,65,4.72,EC,1613638800
99,Chui,-33.6971,-53.4616,64.81,96,37,8.79,UY,1613638800
100,Jamestown,42.097,-79.2353,17.11,88,95,4.54,US,1613638800
101,Vallenar,-28.5708,-70.7581,55.58,81,0,1.12,CL,1613638800
102,Pedro Juan Caballero,-22.5472,-55.7333,62.04,88,0,3.18,PY,1613638800
103,Bluff,-46.6,168.3333,56.37,86,73,8.16,NZ,1613638800
104,Korla,41.7597,86.1469,50.36,31,0,12.24,CN,1613638800
105,Mount Gambier,-37.8333,140.7667,86.95,30,2,1.12,AU,1613638800
106,Ponta do Sol,32.6667,-17.1,61.56,72,53,3.2,PT,1613638800
107,Dikson,73.5069,80.5464,-29.69,96,77,8.21,RU,1613638800
108,Vanimo,-2.6741,141.3028,83.25,76,19,4.61,PG,1613638800
109,Cockburn Town,21.4612,-71.1419,77.83,76,34,24.02,TC,1613638800
110,Ribeira Grande,38.5167,-28.7,60.33,81,87,31.03,PT,1613638800
111,Abu Samrah,35.3029,37.1841,47.07,64,22,17.98,SY,1613638800
112,Castro,-24.7911,-50.0119,55.4,81,1,3.78,BR,1613638800
113,Hay River,60.8156,-115.7999,0.86,79,0,7.38,CA,1613638800
114,Honningsvåg,70.9821,25.9704,27.66,61,41,13.09,NO,1613638800
115,Hamilton,39.1834,-84.5333,20.23,95,95,5.1,US,1613638800
116,Vuktyl,63.8567,57.3094,-17.1,94,98,5.99,RU,1613638800
117,General Roca,-39.0333,-67.5833,64.58,46,0,7.49,AR,1613638800
118,Klaksvík,62.2266,-6.589,44.44,93,55,24.11,FO,1613638800
119,Kadapa,14.4667,78.8167,90.93,34,11,12.44,IN,1613638800
120,Mayumba,-3.432,10.6554,79.48,83,98,1.99,GA,1613638800
121,Novyye Atagi,43.1353,45.7731,24.42,85,41,4.12,RU,1613638800
122,Bambous Virieux,-20.3428,57.7575,86.92,65,23,1.61,MU,1613638800
123,Qinhuangdao,39.9317,119.5883,35.53,67,4,11.1,CN,1613638800
124,‘Āhuimanu,21.4447,-157.8378,73.35,80,49,12.93,US,1613638800
125,Agüimes,27.9054,-15.4461,60.75,64,49,10.92,ES,1613638800
126,Qasigiannguit,68.8193,-51.1922,-4.14,75,50,2.95,GL,1613638800
127,Honāvar,14.2833,74.45,87.58,49,16,10.31,IN,1613638800
128,Dicabisagan,17.0818,122.4157,70.56,90,95,15.97,PH,1613638800
129,Haines Junction,60.7522,-137.5108,19.17,94,65,2.35,CA,1613638800
130,Alice Springs,-23.7,133.8833,91.78,23,56,11.1,AU,1613638800
131,Geraldton,-28.7667,114.6,71.37,53,19,26.19,AU,1613638800
132,Nikolskoye,59.7035,30.7861,-0.13,88,0,3.67,RU,1613638800
133,Cidreira,-30.1811,-50.2056,68.88,71,15,13.02,BR,1613638800
134,Sitka,57.0531,-135.33,36.95,70,87,8.21,US,1613638800
135,Tiksi,71.6872,128.8694,-20.36,99,100,7.52,RU,1613638800
136,Harper,4.375,-7.7169,75.78,88,70,9.46,LR,1613638800
137,Scarborough,54.2797,-0.4044,46.85,82,100,28.12,GB,1613638800
138,Tabuk,17.4189,121.4443,65.05,89,99,11.16,PH,1613638800
139,Le Vauclin,14.5452,-60.8388,77.05,74,21,21.25,MQ,1613638800
140,Broken Hill,-31.95,141.4333,88.3,20,0,13.13,AU,1613638800
141,Spornoye,50.8448,37.2913,12.34,86,46,2.01,RU,1613638800
142,Esim,4.8699,-2.2405,82.74,80,100,5.5,GH,1613638800
143,Esperance,-33.8667,121.9,67.26,52,25,26.08,AU,1613638800
144,Ranong,9.9658,98.6348,86.65,54,24,13.38,TH,1613638800
145,Zhigansk,66.7697,123.3711,-26.54,82,51,10.09,RU,1613638800
146,Alekseyevsk,57.8406,108.3492,13.84,92,100,5.82,RU,1613638800
147,Gornopravdinsk,60.05,69.9,-8.93,85,33,1.61,RU,1613638800
148,Cururupu,-1.8283,-44.8683,73.24,96,100,1.21,BR,1613638800
149,Meulaboh,4.1363,96.1285,86.74,61,31,6.71,ID,1613638800
150,Eyl,7.9803,49.8164,82.4,55,100,16.42,SO,1613638800
151,Plettenberg Bay,-34.0527,23.3716,70.38,71,21,13.18,ZA,1613638800
152,Clyde River,70.4692,-68.5914,-27.35,75,10,1.9,CA,1613638800
153,Bintulu,3.1667,113.0333,81.19,80,60,12.8,MY,1613638800
154,Altamont,42.2068,-121.7372,29.03,84,35,3.56,US,1613638800
155,Saint George,37.1041,-113.5841,35.33,43,1,5.35,US,1613638800
156,Kloulklubed,7.0419,134.2556,82.47,83,73,19.64,PW,1613638800
157,Karlovasi,37.7903,26.7044,45.03,59,54,5.79,GR,1613638800
158,Santa Cruz,30.4202,-9.5982,65.61,58,29,4.97,MA,1613638800
159,Vaini,-21.2,-175.2,80.2,86,32,13.29,TO,1613638800
160,Ancud,-41.8697,-73.8203,54.86,97,95,12.84,CL,1613638800
161,Hong Kong,22.2855,114.1577,66.0,63,6,10.87,HK,1613638800
162,Luba,3.4568,8.5547,81.97,73,68,4.47,GQ,1613638800
163,Boali,4.8005,18.1275,87.26,18,90,9.89,CF,1613638800
164,Tiznit Province,29.5833,-9.5,59.02,34,51,4.34,MA,1613638800
165,Flin Flon,54.7682,-101.865,-6.48,91,90,3.91,CA,1613638800
166,Kandrian,-6.2167,149.55,81.72,82,91,4.99,PG,1613638800
167,Arraial do Cabo,-22.9661,-42.0278,77.38,91,69,4.7,BR,1613638800
168,Rakiv Lis,51.6217,24.9243,10.56,92,50,7.2,UA,1613638800
169,Petropavlovsk-Kamchatskiy,53.0452,158.6483,21.85,79,59,3.91,RU,1613638800
170,Port Macquarie,-31.4333,152.9167,70.72,88,35,9.17,AU,1613638800
171,Arinos,-15.9169,-46.1056,70.81,96,100,1.81,BR,1613638800
172,Isangel,-19.55,169.2667,82.8,77,75,2.93,VU,1613638800
173,Yulara,-25.2406,130.9889,98.42,22,31,8.57,AU,1613638800
174,Matagami,49.7502,-77.6328,-3.41,92,90,4.21,CA,1613638800
175,Sainte-Marie,-20.8968,55.5496,84.43,76,33,6.85,RE,1613638800
176,Tezu,27.9167,96.1667,83.3,28,81,3.02,IN,1613638800
177,Megion,61.0296,76.1136,-18.63,78,11,7.05,RU,1613638800
178,Lata,40.1629,-8.3327,54.86,87,87,7.43,PT,1613638800
179,San Quintín,30.4833,-115.95,54.99,79,0,6.29,MX,1613638800
180,Zhoucheng,35.9122,116.3117,53.04,42,28,10.33,CN,1613638800
181,Santo Antônio do Içá,-3.1022,-67.9397,73.58,97,83,4.59,BR,1613638800
182,Władysławowo,54.7909,18.4009,24.04,87,0,16.4,PL,1613638800
183,Kibaya,-5.3,36.5667,74.86,66,98,7.58,TZ,1613638800
184,Mahébourg,-20.4081,57.7,86.36,67,26,1.48,MU,1613638800
185,Malanje,-9.5402,16.341,73.74,81,86,1.32,AO,1613638800
186,Phang Nga,8.4509,98.5298,91.81,41,11,8.61,TH,1613638800
187,Strezhevoy,60.7333,77.5889,-18.29,81,34,5.59,RU,1613638800
188,San Patricio,28.017,-97.5169,34.59,94,95,15.79,US,1613638800
189,Sitārganj,28.9333,79.7,83.21,27,0,5.01,IN,1613638800
190,Herat Province,34.5,62.0,75.63,8,49,23.96,AF,1613638800
191,Lompoc,34.6391,-120.4579,47.61,56,1,6.13,US,1613638800
192,Praia da Vitória,38.7333,-27.0667,58.46,81,79,28.43,PT,1613638800
193,Salalah,17.0151,54.0924,78.31,52,21,11.01,OM,1613638800
194,Wawa,9.9022,4.4192,77.9,23,1,8.34,NG,1613638800
195,Muzhi,65.3667,64.6667,-10.89,85,100,6.17,RU,1613638800
196,Iqaluit,63.7506,-68.5145,-2.25,78,95,2.3,CA,1613638800
197,Santiago de Cuba,20.0247,-75.8219,70.36,93,12,3.49,CU,1613638800
198,Labuhan,-6.8844,112.2051,81.54,84,49,16.89,ID,1613638800
199,Buala,-8.145,159.5921,83.55,74,98,3.29,SB,1613638800
200,São João da Barra,-21.6403,-41.0511,77.38,84,96,8.32,BR,1613638800
201,Atyrau,47.1167,51.8833,17.8,65,49,17.72,KZ,1613638800
202,Kochubey,44.3861,46.5825,22.71,84,74,7.63,RU,1613638800
203,Kruisfontein,-34.0033,24.7314,75.76,56,17,20.18,ZA,1613638800
204,Broome,42.2506,-75.833,16.23,84,95,2.84,US,1613638800
205,Acapulco de Juárez,16.8634,-99.8901,68.16,79,1,5.32,MX,1613638800
206,Sharan,54.8167,54.0,-0.99,90,99,7.58,RU,1613638800
207,Guánica,17.9716,-66.908,71.56,88,4,7.18,PR,1613638800
208,Ilulissat,69.2167,-51.1,-4.22,78,65,2.98,GL,1613638800
209,Paamiut,61.994,-49.6678,13.62,85,14,27.47,GL,1613638800
210,Longyearbyen,78.2186,15.6401,26.01,83,68,5.64,SJ,1613638800
211,Ryōtsu-minato,38.0833,138.4333,34.61,72,86,17.38,JP,1613638800
212,Shunyi,40.125,116.6453,40.84,17,49,1.25,CN,1613638800
213,Mt. Pleasant,32.7941,-79.8626,60.15,99,99,7.38,US,1613638800
214,Sobolevo,54.4299,31.8996,0.77,92,50,8.46,RU,1613638800
215,Kogon,39.7228,64.5517,81.93,12,94,27.51,UZ,1613638800
216,Coro,11.4045,-69.6734,73.22,89,72,10.6,VE,1613638800
217,Azua,18.4532,-70.7349,70.83,39,9,3.98,DO,1613638800
218,Yellowknife,62.456,-114.3525,-8.07,88,87,7.4,CA,1613638800
219,Newport,51.5877,-2.9984,43.3,85,100,10.45,GB,1613638800
220,Kuril'sk,45.2333,147.8833,25.57,96,100,11.61,RU,1613638800
221,Sur,22.5667,59.5289,85.66,23,3,12.5,OM,1613638800
222,Barrow,71.2906,-156.7887,-21.1,84,69,10.09,US,1613638800
223,Lagoa,39.05,-27.9833,59.02,79,98,35.84,PT,1613638800
224,Olinda,-8.0089,-34.8553,78.58,69,69,6.15,BR,1613638800
225,Belūsovka,50.1339,82.5239,35.04,80,87,1.92,KZ,1613638800
226,Vardø,70.3705,31.1107,24.75,83,48,17.25,NO,1613638800
227,Ketchikan,55.3422,-131.6461,35.29,83,49,6.22,US,1613638800
228,Katsuura,35.1333,140.3,41.92,50,27,5.75,JP,1613638800
229,Manzanillo,20.3433,-77.1167,70.2,82,2,3.8,CU,1613638800
230,Gobabis,-22.45,18.9667,80.02,30,24,7.52,NA,1613638800
231,Belgrade,44.804,20.4651,45.0,80,17,9.73,RS,1613638800
232,Yar-Sale,66.8333,70.8333,-18.71,85,89,6.87,RU,1613638800
233,Cañon City,38.441,-105.2424,22.59,96,95,4.27,US,1613638800
234,Hambantota,6.1241,81.1185,87.39,61,56,10.54,LK,1613638800
235,Assiniboia,49.6334,-105.9845,-6.32,87,69,10.31,CA,1613638800
236,Bima,-8.4667,118.7167,83.53,78,96,3.0,ID,1613638800
237,Evensk,61.95,159.2333,1.69,81,32,15.17,RU,1613638800
238,Grand Gaube,-20.0064,57.6608,86.41,68,27,8.19,MU,1613638800
239,Andenes,69.3143,16.1194,31.5,84,26,7.96,NO,1613638800
240,Birobidzhan,48.8,132.95,15.3,85,61,5.7,RU,1613638800
241,Colorado,-22.8375,-51.9731,63.1,84,0,4.09,BR,1613638800
242,Tot'ma,59.9747,42.7642,-2.4,95,100,2.35,RU,1613638800
243,Troitsko-Pechorsk,62.7084,56.1964,-14.6,87,26,3.83,RU,1613638800
244,Douglas,41.3,-96.167,7.88,83,82,6.42,US,1613638800
245,Manitouwadge,49.1215,-85.8403,-1.52,85,18,2.17,CA,1613638800
246,Taos,36.4072,-105.5731,16.9,93,94,3.56,US,1613638800
247,Banda Aceh,5.5577,95.3222,86.52,59,17,6.82,ID,1613638800
248,French Harbor,16.35,-86.4333,80.31,77,66,24.09,HN,1613638800
249,Dongsheng,39.8161,109.9776,44.29,48,0,13.85,CN,1613638800
250,Grindavik,63.8424,-22.4338,37.85,85,87,15.1,IS,1613638800
251,Maputo,-25.9653,32.5892,83.64,68,57,11.99,MZ,1613638800
252,Bengkulu,-3.8004,102.2655,86.23,61,64,7.81,ID,1613638800
253,Cap Malheureux,-19.9842,57.6142,86.43,68,27,7.78,MU,1613638800
254,Barra de Tecoanapa,16.5167,-98.75,66.65,87,1,3.96,MX,1613638800
255,Lanzhou,36.0564,103.7922,49.46,27,0,2.3,CN,1613638800
256,Manturovo,58.3353,44.7619,3.02,94,97,1.28,RU,1613638800
257,Aktash,50.3,87.7333,28.69,81,99,4.07,RU,1613638800
258,Kathmandu,27.7167,85.3167,65.14,38,52,6.24,NP,1613638800
259,Puchezh,56.9788,43.1676,-0.47,95,93,5.53,RU,1613638800
260,Gananoque,44.3334,-76.1661,11.35,90,100,0.31,CA,1613638800
261,Muscat,23.6139,58.5922,82.6,57,12,9.86,OM,1613638800
262,Pangoa,-12.1167,-73.0,67.23,99,95,1.1,PE,1613638800
263,Yakeshi,49.2833,120.7333,9.39,94,99,7.31,CN,1613638800
264,Pisco,-13.7,-76.2167,69.03,76,7,1.23,PE,1613638800
265,El Batey,19.7667,-70.5167,72.39,91,44,11.97,DO,1613638800
266,Cayenne,4.9333,-52.3333,75.22,91,54,10.04,GF,1613638800
267,San Pedro Carchá,15.4833,-90.2667,62.38,82,92,3.4,GT,1613638800
268,Alofi,-19.0595,-169.9187,82.18,85,87,6.98,NU,1613638800
269,Dakar,14.6937,-17.4441,68.68,72,97,16.4,SN,1613638800
270,Salisbury,51.0693,-1.7957,45.5,95,87,7.74,GB,1613638800
271,Vestmanna,62.1564,-7.1664,42.58,94,77,13.4,FO,1613638800
272,Menongue,-14.6585,17.691,71.35,74,91,1.61,AO,1613638800
273,Kerman,30.2832,57.0788,70.16,14,84,4.38,IR,1613638800
274,Vila Franca do Campo,37.7167,-25.4333,58.08,81,87,17.38,PT,1613638800
275,Yeppoon,-23.1333,150.7333,78.8,72,69,11.61,AU,1613638800
276,Lima,-12.0432,-77.0282,72.54,79,37,3.96,PE,1613638800
277,Fairbanks,64.8378,-147.7164,4.14,89,59,1.45,US,1613638800
278,Vestmannaeyjar,63.4427,-20.2734,40.03,83,84,13.44,IS,1613638800
279,Thompson,55.7435,-97.8558,-9.96,88,80,3.13,CA,1613638800
280,Edson,53.5835,-116.4356,6.93,88,1,4.5,CA,1613638800
281,Birao,10.2849,22.7882,75.92,15,55,13.49,CF,1613638800
282,Amuntai,-2.4177,115.2494,85.05,77,100,2.91,ID,1613638800
283,Darhan,49.4867,105.9228,31.35,77,78,9.93,MN,1613638800
284,Leshukonskoye,64.8989,45.7622,-7.02,90,100,7.14,RU,1613638800
285,Morón,-34.6534,-58.6198,68.45,85,10,3.67,AR,1613638800
286,Itarema,-2.9248,-39.9167,76.91,89,98,5.75,BR,1613638800
287,Zhalantun,48.0,122.7167,14.59,87,80,1.52,CN,1613638800
288,Cabo San Lucas,22.8909,-109.9124,61.34,78,0,11.95,MX,1613638800
289,Poum,-20.2333,164.0167,83.01,80,93,9.46,NC,1613638800
290,Sakakah,29.9697,40.2064,51.35,38,0,22.03,SA,1613638800
291,Ngunguru,-35.6167,174.5,63.86,73,56,11.79,NZ,1613638800
292,Ponta Delgada,37.7333,-25.6667,58.84,83,87,20.76,PT,1613638800
293,Sechura,-5.5569,-80.8222,74.52,74,6,7.54,PE,1613638800
294,Mosetse,-20.75,26.65,81.19,62,50,3.22,BW,1613638800
295,Egvekinot,66.3167,-179.1667,-13.67,72,12,3.04,RU,1613638800
296,Gamboma,-1.8764,15.8644,83.82,69,98,4.72,CG,1613638800
297,Talnakh,69.4865,88.3972,-20.2,98,100,0.83,RU,1613638800
298,Ostrovnoy,68.0531,39.5131,11.8,92,99,20.51,RU,1613638800
299,Presque Isle,46.6811,-68.0159,1.65,88,13,7.09,US,1613638800
300,Bilma,18.6853,12.9164,59.72,39,0,3.98,NE,1613638800
301,Eureka,40.8021,-124.1637,44.6,78,72,5.39,US,1613638800
302,Aitape,-3.1374,142.3475,83.39,75,25,4.09,PG,1613638800
303,Porto de Moz,-1.7483,-52.2383,72.82,92,94,4.09,BR,1613638800
304,Fortuna,40.5982,-124.1573,43.45,83,21,5.1,US,1613638800
305,Maniitsoq,65.4167,-52.9,5.43,84,16,5.21,GL,1613638800
306,Ormond Beach,29.2858,-81.0559,68.36,92,29,10.31,US,1613638800
307,Moose Factory,51.2585,-80.6094,-3.86,87,43,5.14,CA,1613638800
308,Lobatse,-25.2167,25.6667,85.64,43,0,2.59,BW,1613638800
309,Taft,31.7471,54.2088,70.72,32,81,20.09,IR,1613638800
310,Japura,-0.3167,102.35,87.33,55,79,4.36,ID,1613638800
311,Port Hedland,-20.3167,118.5667,87.87,67,8,13.44,AU,1613638800
312,Csány,47.6483,19.8297,39.72,74,0,0.89,HU,1613638800
313,Coahuayana Viejo,18.7333,-103.6833,61.54,90,14,3.85,MX,1613638800
314,Faanui,-16.4833,-151.75,81.7,74,62,14.07,PF,1613638800
315,Annau,37.8876,58.516,55.49,65,95,12.3,TM,1613638800
316,Merauke,-8.4667,140.3333,85.98,73,79,8.68,ID,1613638800
317,Vostok,46.4856,135.8833,8.33,95,99,3.27,RU,1613638800
318,Yumen,40.2833,97.2,49.3,16,0,24.09,CN,1613638800
319,Son Tay,21.1378,105.505,72.48,52,34,4.36,VN,1613638800
320,Makat,47.6469,53.3463,17.6,86,98,20.07,KZ,1613638800
321,Warrington,53.3925,-2.5802,44.11,81,87,11.95,GB,1613638800
322,Minuri,16.535,121.8574,67.84,90,93,8.46,PH,1613638800
323,Carutapera,-1.195,-46.02,74.41,93,100,2.71,BR,1613638800
324,Muhafazat Lahij,13.1667,44.5833,79.97,53,6,6.91,YE,1613638800
325,Lamu,-2.2717,40.902,83.53,65,52,9.62,KE,1613638800
326,Kodinsk,58.6881,99.1844,4.62,89,100,9.62,RU,1613638800
327,Mitsamiouli,-11.3847,43.2844,83.68,76,77,8.32,KM,1613638800
328,Rexburg,43.826,-111.7897,13.87,94,92,1.81,US,1613638800
329,Honiton,50.7996,-3.189,42.75,86,100,9.57,GB,1613638800
330,Divinópolis,-20.1389,-44.8839,67.59,96,94,3.4,BR,1613638800
331,Mkushi,-13.6202,29.3939,76.28,83,100,7.07,ZM,1613638800
332,Sofrino,56.15,37.9667,3.06,85,59,5.75,RU,1613638800
333,Pacific Grove,36.6177,-121.9166,49.69,56,1,7.65,US,1613638800
334,Havre-St-Pierre,50.2334,-63.5986,5.54,80,1,14.2,CA,1613638800
335,Storforshei,66.4043,14.5233,12.42,82,68,3.4,NO,1613638800
336,Rome,43.2128,-75.4557,14.11,82,87,2.28,US,1613638800
337,Pangnirtung,66.1451,-65.7125,-13.74,99,98,3.76,CA,1613638800
338,Mayor Pablo Lagerenza,-19.9309,-60.7718,69.78,60,5,1.34,PY,1613638800
339,Beidao,34.5686,105.8933,56.75,19,0,4.7,CN,1613638800
340,Oruro,-17.9833,-67.15,46.42,64,87,3.11,BO,1613638800
341,Bonthe,7.5264,-12.505,77.97,84,100,3.65,SL,1613638800
342,Tambilil,5.9622,124.6697,84.27,69,87,6.2,PH,1613638800
343,Kristiansund,63.1115,7.732,36.05,66,20,17.09,NO,1613638800
344,Freeport,40.6576,-73.5832,28.72,63,48,8.63,US,1613638800
345,Khonsa,27.0167,95.5667,74.62,38,43,1.92,IN,1613638800
346,Yarkovo,57.4028,67.0786,-0.15,87,88,3.31,RU,1613638800
347,Sørland,67.667,12.6934,33.1,69,86,8.48,NO,1613638800
348,Kysyl-Syr,63.8986,122.7617,-17.01,95,100,6.13,RU,1613638800
349,St. George's,12.0564,-61.7485,76.57,77,2,16.11,GD,1613638800
350,Hasaki,35.7333,140.8333,44.26,40,80,7.25,JP,1613638800
351,Requena,39.4883,-1.1004,54.88,67,86,1.1,ES,1613638800
352,Nevel'sk,46.6733,141.8633,22.71,87,87,21.85,RU,1613638800
353,Athabasca,54.7169,-113.2854,-0.06,89,14,1.97,CA,1613638800
354,Nam Som,17.7704,102.1895,86.34,32,20,8.79,TH,1613638800
355,La Ronge,55.1001,-105.2842,-11.02,92,23,3.65,CA,1613638800
356,Nemuro,43.3236,145.575,28.38,79,78,17.0,JP,1613638800
357,Suez,29.9737,32.5263,57.34,52,32,17.47,EG,1613638800
358,Puerto Madryn,-42.7692,-65.0385,65.12,60,0,7.0,AR,1613638800
359,Caravelas,-17.7125,-39.2481,76.57,85,100,4.97,BR,1613638800
360,Río Gallegos,-51.6226,-69.2181,47.46,70,66,26.19,AR,1613638800
361,Ulladulla,-35.35,150.4667,67.15,91,62,6.91,AU,1613638800
362,Yārāda,17.65,83.2667,83.44,54,31,10.85,IN,1613638800
363,Maracás,-13.4411,-40.4308,64.47,100,100,3.94,BR,1613638800
364,Kita,13.0349,-9.4895,83.7,42,54,3.24,ML,1613638800
365,Tākestān,36.0696,49.6959,46.47,74,95,11.41,IR,1613638800
366,Severo-Kuril'sk,50.6789,156.125,29.23,91,85,14.03,RU,1613638800
367,Kappeln,54.6612,9.9313,41.05,94,100,12.12,DE,1613638800
368,Nyurba,63.2842,118.3319,-15.03,96,100,3.94,RU,1613638800
369,Khorixas,-20.3667,14.9667,84.31,28,3,1.59,NA,1613638800
370,Salihli,38.4826,28.1477,40.44,55,63,3.62,TR,1613638800
371,Caucaia,-3.7361,-38.6531,79.47,81,69,4.63,BR,1613638800
372,Aklavik,68.2191,-135.0107,-18.74,86,100,6.62,CA,1613638800
373,Hvolsvollur,63.7533,-20.2243,34.9,91,86,1.99,IS,1613638800
374,Caarapó,-22.6342,-54.8222,63.63,87,0,4.97,BR,1613638800
375,Kiryat Gat,31.61,34.7642,51.8,86,92,12.86,IL,1613638800
376,Pachperwa,27.5167,82.65,83.52,25,0,6.73,IN,1613638800
377,Auki,-8.7676,160.7034,82.0,81,100,2.89,SB,1613638800
378,Tigil',57.8,158.6667,19.51,75,27,13.2,RU,1613638800
379,Barstow,34.8986,-117.0228,45.75,35,1,9.46,US,1613638800
380,Melbu,68.5044,14.8297,28.08,59,49,4.23,NO,1613638800
381,Tilichiki,60.4667,166.1,-7.19,91,7,9.28,RU,1613638800
382,Slave Lake,55.2834,-114.769,5.18,89,4,1.25,CA,1613638800
383,Ellensburg,46.9965,-120.5479,28.9,82,58,1.36,US,1613638800
384,Makakilo City,21.3469,-158.0858,72.14,75,49,10.71,US,1613638800
385,Inhambane,-23.865,35.3833,81.81,84,87,22.06,MZ,1613638800
386,Mahon,39.8885,4.2658,57.45,81,60,12.62,ES,1613638800
387,Nakskov,54.8373,11.1284,37.96,95,100,13.04,DK,1613638800
388,Lorengau,-2.0226,147.2712,84.47,76,100,9.46,PG,1613638800
389,Plavsk,53.7094,37.2919,5.83,94,98,7.78,RU,1613638800
390,Buluang,13.3068,123.3425,80.89,62,84,9.62,PH,1613638800
391,São José da Coroa Grande,-8.8978,-35.1478,76.93,81,85,6.82,BR,1613638800
392,Taltal,-25.4,-70.4833,63.05,76,1,3.22,CL,1613638800
393,Juegang,32.3174,121.1855,43.88,47,0,6.64,CN,1613638800
394,Kshenskiy,51.8408,37.7136,8.46,94,74,3.11,RU,1613638800
395,Sipe Sipe,-17.45,-66.3833,53.51,86,83,1.77,BO,1613638800
396,Kanigoro,-8.13,112.219,83.35,77,45,6.4,ID,1613638800
397,Brae,60.3964,-1.353,45.99,93,87,22.59,GB,1613638800
398,Toba Tek Singh,30.9743,72.4827,88.59,13,0,2.66,PK,1613638800
399,Molagavita,6.6732,-72.8087,55.47,91,76,1.59,CO,1613638800
400,Shenjiamen,29.9576,122.298,43.88,45,0,15.86,CN,1613638800
401,Anadyr,64.75,177.4833,-20.22,77,20,4.99,RU,1613638800
402,Jieshi,22.8134,115.8257,66.15,62,0,20.94,CN,1613638800
403,Pinheiro,-2.5214,-45.0825,72.93,97,100,1.68,BR,1613638800
404,Lüderitz,-26.6481,15.1594,73.69,62,0,17.0,NA,1613638800
405,Ixtapa,20.7,-105.2,67.3,80,86,1.25,MX,1613638800
406,Sicamous,50.8331,-118.9856,15.51,83,20,4.07,CA,1613638800
407,Sabha,27.0377,14.4283,56.71,37,19,5.44,LY,1613638800
408,West Richland,46.3043,-119.3614,28.42,98,75,1.16,US,1613638800
409,Mossamedes,-15.1961,12.1522,78.17,67,64,9.17,AO,1613638800
410,Stornoway,58.2093,-6.3865,42.13,93,87,16.58,GB,1613638800
411,Omboué,-1.5746,9.2618,78.58,85,100,4.68,GA,1613638800
412,Xai-Xai,-25.0519,33.6442,83.03,82,94,20.33,MZ,1613638800
413,Qaqortoq,60.7167,-46.0333,13.64,58,53,5.32,GL,1613638800
414,Necochea,-38.5473,-58.7368,59.31,96,9,6.67,AR,1613638800
415,Verkhnyaya Inta,65.9811,60.3094,-8.97,95,96,12.24,RU,1613638800
416,Polonnaruwa,7.9333,81.0,86.04,60,80,8.34,LK,1613638800
417,Richards Bay,-28.783,32.0377,84.54,66,4,5.06,ZA,1613638800
418,Viedma,-40.8135,-62.9967,66.06,64,0,10.29,AR,1613638800
419,Kalabo,-14.97,22.6814,74.19,85,96,5.53,ZM,1613638800
420,Neiafu,-18.65,-173.9833,82.02,71,71,10.74,TO,1613638800
421,Pokhara,28.2333,83.9833,74.55,23,1,2.28,NP,1613638800
422,Remedios,22.4947,-79.5458,71.96,89,40,7.65,CU,1613638800
423,Mandan,46.8267,-100.8896,6.46,92,79,6.06,US,1613638800
424,Flinders,-34.5833,150.8552,69.01,86,34,7.29,AU,1613638800
425,Nhulunbuy,-12.2333,136.7667,83.64,80,100,13.91,AU,1613638800
426,Terrace,54.5163,-128.6035,27.14,89,87,2.17,CA,1613638800
427,Benguela,-12.5763,13.4055,82.63,71,38,6.6,AO,1613638800
428,Puerto Escondido,15.85,-97.0667,71.33,72,0,7.85,MX,1613638800
429,Paracatu,-17.2222,-46.8747,68.0,98,94,1.28,BR,1613638800
430,Saint Anthony,45.0205,-93.218,5.29,83,95,2.19,US,1613638800
431,Kirakira,-10.4544,161.9205,83.5,82,99,5.84,SB,1613638800
432,Karaton,-6.3424,106.1045,84.04,81,64,4.45,ID,1613638800
433,Weymouth,42.2209,-70.9398,24.21,68,95,4.92,US,1613638800
434,Kumul,42.8,93.45,52.05,39,0,7.29,CN,1613638800
435,Udachny,66.4167,112.4,-23.1,82,99,4.94,RU,1613638800
436,Ahipara,-35.1667,173.1667,64.87,71,27,9.35,NZ,1613638800
437,Shirokiy,49.758,129.523,12.02,94,74,7.74,RU,1613638800
438,Berlevåg,70.8578,29.0864,24.55,77,42,20.58,NO,1613638800
439,Fort Nelson,58.8053,-122.7002,10.49,85,43,1.63,CA,1613638800
440,Koutsouras,35.0339,25.9469,55.53,51,3,3.11,GR,1613638800
441,Ust-Tsilma,65.441,52.1498,-2.36,87,100,7.31,RU,1613638800
442,Outram,1.2829,103.8379,85.98,53,86,16.24,MY,1613638800
443,Chapais,49.7834,-74.8492,-5.78,89,47,4.16,CA,1613638800
444,Micco,27.8806,-80.5003,70.52,95,17,9.69,US,1613638800
445,Shitanjing,39.2342,106.3439,45.01,24,0,20.92,CN,1613638800
446,Diamantina,-18.2494,-43.6003,63.55,98,100,6.08,BR,1613638800
447,Coyhaique,-45.5752,-72.0662,51.03,89,95,4.21,CL,1613638800
448,Khartoum,15.5518,32.5324,67.5,19,38,22.3,SD,1613638800
449,San Luis,-33.295,-66.3356,70.38,54,40,13.69,AR,1613638800
450,Asău,46.4333,26.4,35.51,70,95,0.72,RO,1613638800
451,Belozërskoye,55.8214,65.5842,5.18,89,100,8.14,RU,1613638800
452,Passo Fundo,-28.2628,-52.4067,53.49,88,0,3.76,BR,1613638800
453,City of San Pedro,14.35,121.0167,81.16,60,80,15.03,PH,1613638800
454,Rocha,-34.4833,-54.3333,65.23,96,48,6.06,UY,1613638800
455,Rosetta,31.4044,30.4164,56.95,56,64,19.57,EG,1613638800
456,Safaga,26.7292,33.9365,60.06,34,0,12.59,EG,1613638800
457,Disna,55.568,28.1971,3.87,91,21,4.36,BY,1613638800
458,Hornepayne,49.2138,-84.7705,-2.51,89,1,3.78,CA,1613638800
459,Choma,-16.8065,26.9531,73.11,82,91,8.75,ZM,1613638800
460,Kutum,14.2,24.6667,61.18,20,6,18.1,SD,1613638800
461,Talakan,50.3167,130.3667,9.77,90,69,4.36,RU,1613638800
462,Kadipaten,-8.1357,113.2158,84.33,70,58,2.3,ID,1613638800
463,Tonj,7.2737,28.6822,83.84,15,72,7.61,SS,1613638800
464,Provincia di Campobasso,41.6333,14.5833,47.55,84,1,1.92,IT,1613638800
465,Half Moon Bay,37.4636,-122.4286,49.91,65,1,3.83,US,1613638800
466,Srednekolymsk,67.45,153.6833,-29.61,99,42,0.25,RU,1613638800
467,Kampot,10.6167,104.1833,85.75,49,10,5.75,KH,1613638800
468,Dingle,10.9995,122.6711,80.1,72,90,10.2,PH,1613638800
469,Ternate,0.8,127.4,82.72,74,83,13.44,ID,1613638800
470,Suba,10.8438,121.0102,80.38,72,21,29.21,PH,1613638800
471,Adrar,20.5022,-10.0711,72.43,24,100,5.1,MR,1613638800
472,Pemangkat,1.1667,108.9667,81.54,75,64,15.37,ID,1613638800
473,Chitral,35.8462,71.7858,52.83,37,0,4.23,PK,1613638800
474,Skawina,49.9752,19.8287,36.1,98,95,5.08,PL,1613638800
475,Ngaoundéré,7.3167,13.5833,71.26,31,42,7.67,CM,1613638800
476,Mazatlán,23.2167,-106.4167,63.28,86,40,4.81,MX,1613638800
477,Isabela,6.7085,121.9711,86.25,61,67,5.17,PH,1613638800
478,Pangai,-19.8,-174.35,81.82,73,72,7.56,TO,1613638800
479,Junnar,19.2,73.8833,85.57,28,33,7.67,IN,1613638800
480,Laas,46.6166,10.7002,45.14,62,5,1.7,IT,1613638800
481,Sistranda,63.7256,8.834,32.97,65,3,18.99,NO,1613638800
482,Henties Bay,-22.116,14.2845,66.65,83,0,7.92,NA,1613638800
483,Coquimbo,-29.9533,-71.3436,58.32,79,5,0.85,CL,1613638800
484,Xining,36.6167,101.7667,44.15,12,0,7.27,CN,1613638800
485,Viana,-20.3903,-40.4961,74.43,85,49,4.32,BR,1613638800
486,Natal,-5.795,-35.2094,77.85,85,69,5.35,BR,1613638800
487,Quang Ngai,15.1167,108.8,74.71,75,24,11.74,VN,1613638800
488,Trelew,-43.249,-65.3051,62.11,50,0,6.6,AR,1613638800
489,Noshiro,40.2039,140.0242,33.42,88,87,17.31,JP,1613638800
490,Vostochnyy,55.8167,37.8667,3.69,86,55,5.7,RU,1613638800
491,Sayyan,15.1718,44.3244,68.34,24,0,5.46,YE,1613638800
492,Atasū,48.6814,71.6433,36.66,83,100,13.89,KZ,1613638800
493,Contamana,-7.3333,-75.0167,75.09,89,96,2.71,PE,1613638800
494,Touros,-5.1989,-35.4608,77.99,83,69,7.29,BR,1613638800
495,Kharhiāl,20.2833,82.7667,90.36,26,5,4.47,IN,1613638800
496,Nkhata Bay,-11.6066,34.2907,82.45,71,100,5.73,MW,1613638800
497,Marevo,57.3146,32.0804,2.41,90,60,3.56,RU,1613638800
498,Amet,25.3,73.9333,81.72,9,0,3.76,IN,1613638800
499,Ibrā’,22.6906,58.5334,85.37,9,2,6.51,OM,1613638800
500,Huarmey,-10.0681,-78.1522,70.97,78,58,2.57,PE,1613638800
501,Kaitangata,-46.2817,169.8464,55.44,87,73,1.7,NZ,1613638800
502,Aswān,24.0934,32.907,58.96,36,0,14.74,EG,1613638800
503,West Helena,34.5507,-90.6418,23.22,94,95,10.51,US,1613638800
504,Artyom,40.4723,50.333,34.48,76,95,24.85,AZ,1613638800
505,Bandarbeyla,9.4942,50.8122,78.98,58,83,10.78,SO,1613638800
506,La Santisima Trinidad,-14.8333,-64.9,71.44,98,99,1.77,BO,1613638800
507,Liuhe,42.2401,125.7172,16.75,70,2,3.96,CN,1613638800
508,Mitú,1.1983,-70.1733,71.17,94,100,2.62,CO,1613638800
509,Kalmar,56.6616,16.3616,30.22,88,92,10.92,SE,1613638800
510,Concordia,-31.393,-58.0209,62.8,80,0,3.69,AR,1613638800
511,Thaba-Tseka,-29.522,28.6084,69.78,43,0,5.77,LS,1613638800
512,Ayr,55.4627,-4.6339,40.12,90,87,21.34,GB,1613638800
513,Quatre Cocos,-20.2078,57.7625,87.8,63,21,4.83,MU,1613638800
514,Constitución,-35.3333,-72.4167,52.11,82,0,3.96,CL,1613638800
515,Poronaysk,49.2167,143.1167,17.42,79,26,13.51,RU,1613638800
516,Yerofey Pavlovich,53.9667,121.9667,8.67,79,62,4.21,RU,1613638800
517,Bjørnevatn,69.6672,29.9847,12.61,85,53,5.99,NO,1613638800
518,Saint-Joseph,-21.3667,55.6167,81.88,72,18,2.44,RE,1613638800
519,Camrose,53.0168,-112.8353,5.83,81,5,7.31,CA,1613638800
520,Vila Velha,-20.3297,-40.2925,76.59,81,49,12.44,BR,1613638800
521,Altay,47.8667,88.1167,33.84,82,33,2.51,CN,1613638800
522,Alta Floresta,-9.8756,-56.0861,69.04,99,100,1.97,BR,1613638800
523,Pitimbu,-7.4706,-34.8086,78.26,87,59,5.99,BR,1613638800
524,Lac du Bonnet,50.2536,-96.0612,-7.11,95,81,3.67,CA,1613638800
525,Sapa,5.1544,120.3241,82.72,76,98,19.28,PH,1613638800
526,Sisimiut,66.9395,-53.6735,-0.11,83,0,7.87,GL,1613638800
527,Garden City,42.3256,-83.331,13.37,79,95,5.48,US,1613638800
528,Aksu,41.1231,80.2644,54.1,39,0,4.5,CN,1613638800
529,Gizo Government Station,-8.103,156.8419,80.53,82,100,5.06,SB,1613638800
530,Örnsköldsvik,63.2909,18.7153,21.63,94,87,10.33,SE,1613638800
531,Olafsvik,64.8945,-23.7142,37.47,84,99,16.15,IS,1613638800
532,Pomorie,42.5588,27.6439,37.2,86,87,14.12,BG,1613638800
533,Narsaq,60.9167,-46.05,13.5,56,65,5.97,GL,1613638800
534,Tieli,46.95,128.05,11.26,89,80,7.63,CN,1613638800
535,Margate,51.3813,1.3862,47.03,82,96,22.7,GB,1613638800
536,Okhotsk,59.3833,143.3,3.09,82,81,11.03,RU,1613638800
537,Brynmawr,51.8,-3.1833,39.88,85,100,11.86,GB,1613638800
538,Dalby,-27.1833,151.2667,72.95,69,32,17.09,AU,1613638800
539,Vredendal,-31.6683,18.5012,75.43,57,10,13.18,ZA,1613638800
540,Zemio,5.0314,25.1361,80.42,44,94,4.29,CF,1613638800
541,Maragogi,-9.0122,-35.2225,76.6,82,87,6.29,BR,1613638800
542,Uíge,-7.6087,15.0613,78.22,81,61,2.93,AO,1613638800
543,Ust'ye,59.6304,39.736,-6.52,95,68,4.32,RU,1613638800
544,Linhai,28.85,121.1167,52.0,41,0,5.53,CN,1613638800
545,Mogadishu,2.0371,45.3438,82.9,63,48,15.39,SO,1613638800
546,Lizzano,40.391,17.4476,53.55,72,2,10.27,IT,1613638800
547,Padang,-0.9492,100.3543,85.75,64,30,3.22,ID,1613638800
548,Shubarkuduk,49.1447,56.4872,13.75,95,100,14.83,KZ,1613638800
549,Laguna,38.421,-121.4238,44.1,57,1,3.96,US,1613638800
550,Avera,33.194,-82.5271,45.27,94,95,6.6,US,1613638800
551,Husavik,66.0449,-17.3389,28.58,96,45,7.11,IS,1613638800
552,Letlhakane,-21.4167,25.5833,85.17,53,36,4.05,BW,1613638800
553,Amahai,-3.3333,128.9167,84.88,77,95,3.89,ID,1613638800
554,Zhezkazgan,47.8043,67.7144,36.99,82,49,15.79,KZ,1613638800
555,Schruns,47.0709,9.9475,40.1,84,78,5.41,AT,1613638800
556,Bamora,24.0552,78.0909,85.01,15,0,5.73,IN,1613638800
557,Forio,40.7342,13.8646,52.02,65,5,4.09,IT,1613638800
558,Kayerkan,69.3497,87.7602,-21.14,95,100,4.34,RU,1613638800
559,Liusha,27.2098,108.59,57.94,46,54,3.85,CN,1613638800
560,Whyalla,-33.0333,137.5833,92.25,26,0,9.98,AU,1613638800
561,Constantine,36.365,6.6147,56.93,50,43,5.79,DZ,1613638800
562,Jiuquan,39.7432,98.5174,51.3,16,0,7.54,CN,1613638800
563,Susanville,40.4163,-120.653,24.78,83,2,0.45,US,1613638800
564,Plouzané,48.3833,-4.6167,47.82,81,83,16.17,FR,1613638800
565,Verkhnevilyuysk,63.4453,120.3167,-15.48,88,100,4.52,RU,1613638800
566,Tiarei,-17.5333,-149.3333,81.23,75,80,13.27,PF,1613638800
567,Kaeo,-35.1,173.7833,62.89,76,71,9.75,NZ,1613638800
568,Anūpgarh,29.1911,73.2086,85.64,13,0,3.06,IN,1613638800
569,Tambacounda,13.7539,-13.7586,83.07,20,86,4.81,SN,1613638800
570,Odienné,9.51,-7.5692,82.17,66,76,3.24,CI,1613638800
571,Guasdualito,7.2424,-70.7324,73.4,67,42,3.27,VE,1613638800
572,Taunton,51.0211,-3.1047,43.47,87,100,9.19,GB,1613638800
573,Voznesen'ye,61.0106,35.4781,-4.41,91,87,10.51,RU,1613638800
574,Portalegre,39.2938,-7.4312,50.13,91,94,4.88,PT,1613638800
575,Batemans Bay,-35.7167,150.1833,66.61,87,48,4.63,AU,1613638800
576,Kaduy,59.2,37.15,-5.84,84,30,4.12,RU,1613638800
577,Kill,52.1761,-7.335,41.58,81,38,24.56,IE,1613638800
578,Port Lincoln,-34.7333,135.8667,83.55,40,0,16.28,AU,1613638800
579,Oodweyne,9.4092,45.064,82.54,44,61,1.92,SO,1613638800
580,Arrondissement de Saint-Denis,48.9167,2.3333,49.44,72,49,12.08,FR,1613638800
581,Kavaratti,10.5669,72.642,81.55,68,82,7.61,IN,1613638800
582,Beaufort,5.3473,115.7455,81.19,80,69,6.71,MY,1613638800
583,Yanam,16.7333,82.2167,85.51,50,10,8.81,IN,1613638800
584,Chimbote,-9.0853,-78.5783,69.94,82,18,3.09,PE,1613638800
585,Darasun,51.6667,114.0,28.17,69,69,7.16,RU,1613638800
586,Iaçu,-12.7672,-40.2117,72.0,96,100,1.57,BR,1613638800
587,Daru,-9.0763,143.2092,83.17,76,86,6.78,PG,1613638800
